-- 插入classes记录
INSERT INTO classes(ID, NAME) VALUES (1, '一班');
INSERT INTO classes(ID, NAME) VALUES (2, '二班');
INSERT INTO classes(ID, NAME) VALUES (3, '三班');
INSERT INTO classes(ID, NAME) VALUES (4, '四班');

-- 插入students记录
INSERT INTO students (CLASS_ID, NAME, GENDER, SCORE) VALUES (1, '小明', 'M', 90);
INSERT INTO students (CLASS_ID, NAME, GENDER, SCORE) VALUES (1, '小红', 'F', 95);
INSERT INTO students (CLASS_ID, NAME, GENDER, SCORE) VALUES (1, '小军', 'M', 88);
INSERT INTO students (CLASS_ID, NAME, GENDER, SCORE) VALUES (1, '小米', 'F', 73);
INSERT INTO students (CLASS_ID, NAME, GENDER, SCORE) VALUES (2, '小白', 'F', 81);
INSERT INTO students (CLASS_ID, NAME, GENDER, SCORE) VALUES (2, '小兵', 'M', 55);
INSERT INTO students (CLASS_ID, NAME, GENDER, SCORE) VALUES (2, '小林', 'M', 85);
INSERT INTO students (CLASS_ID, NAME, GENDER, SCORE) VALUES (3, '小新', 'F', 91);
INSERT INTO students (CLASS_ID, NAME, GENDER, SCORE) VALUES (3, '小王', 'M', 89);
INSERT INTO students (CLASS_ID, NAME, GENDER, SCORE) VALUES (3, '小丽', 'F', 85);

INSERT INTO user (ID, NAME, TEL, ADDRESS) VALUES (1, 'zhangsan', 'tel1', 'beijing');
INSERT INTO user (ID, NAME, TEL, ADDRESS) VALUES (2, 'lisi', 'tel2', 'shanghai');
INSERT INTO user (ID, NAME, TEL, ADDRESS) VALUES (3, 'wangwu', 'tel3', 'shanghai');
INSERT INTO user (ID, NAME, TEL, ADDRESS) VALUES (4, 'zhangsan', 'tel4', 'shenzhen');

INSERT INTO goods (ID, NAME, PRICE) VALUES (1, 'goods1', 10);
INSERT INTO goods (ID, NAME, PRICE) VALUES (2, 'goods2', 20);
INSERT INTO goods (ID, NAME, PRICE) VALUES (3, 'goods3', 30);
INSERT INTO goods (ID, NAME, PRICE) VALUES (4, 'goods4', 40);
INSERT INTO goods (ID, NAME, PRICE) VALUES (5, 'goods5', 50);

INSERT INTO `order` (ID,USER_ID, GOODS_ID, GOODS_NUM, GOODS_PRICE) VALUES (1,1, 1, 5, 10);
INSERT INTO `order` (ID,USER_ID, GOODS_ID, GOODS_NUM, GOODS_PRICE) VALUES (2,2, 1, 1, 10);
INSERT INTO `order` (ID,USER_ID, GOODS_ID, GOODS_NUM, GOODS_PRICE) VALUES (3,2, 1, 2, 10);
INSERT INTO `order` (ID,USER_ID, GOODS_ID, GOODS_NUM, GOODS_PRICE) VALUES (4,4, 2, 4, 20);
INSERT INTO `order` (ID,USER_ID, GOODS_ID, GOODS_NUM, GOODS_PRICE) VALUES (5,4, 2, 100, 20);
INSERT INTO `order` (ID,USER_ID, GOODS_ID, GOODS_NUM, GOODS_PRICE) VALUES (6,4, 3, 1, 20);
INSERT INTO `order` (ID,USER_ID, GOODS_ID, GOODS_NUM, GOODS_PRICE) VALUES (7,5, 4, 1, 20);
INSERT INTO `order` (ID,USER_ID, GOODS_ID, GOODS_NUM, GOODS_PRICE) VALUES (8,5, 6, 1, 60);